{
  "version": "0.1.0",
  "name": "sol_mint_nft",
  "instructions": [
    {
      "name": "mintNft",
      "accounts": [
        {
          "name": "mintAuthority",
          "isMut": true,
          "isSigner": true
        },
        {
          "name": "mint",
          "isMut": true,
          "isSigner": false
        },
        {
          "name": "tokenProgram",
          "isMut": false,
          "isSigner": false
        },
        {
          "name": "metadata",
          "isMut": true,
          "isSigner": false
        },
        {
          "name": "tokenAccount",
          "isMut": true,
          "isSigner": false
        },
        {
          "name": "tokenMetadataProgram",
          "isMut": false,
          "isSigner": false
        },
        {
          "name": "payer",
          "isMut": true,
          "isSigner": false
        },
        {
          "name": "systemProgram",
          "isMut": false,
          "isSigner": false
        },
        {
          "name": "rent",
          "isMut": false,
          "isSigner": false
        }
      ],
      "args": [
        {
          "name": "creatorKey",
          "type": "publicKey"
        },
        {
          "name": "name",
          "type": "string"
        },
        {
          "name": "symbol",
          "type": "string"
        },
        {
          "name": "uri",
          "type": "string"
        }
      ]
    }
  ],
  "errors": [
    {
      "code": 6000,
      "name": "MintFailed",
      "msg": "Mint failed!"
    },
    {
      "code": 6001,
      "name": "MetadataCreateFailed",
      "msg": "Metadata account create failed!"
    }
  ],
  "metadata": {
    "address": "9FKLho9AUYScrrKgJbG1mExt5nSgEfk1CNEbR8qBwKTZ"
  }
}